"row_id","athlete_id","year","number_races_run","personal_record","season_record","consistency","days_since_sr","all_american"
"1",2654,2021,4,1490.1,1490.1,18.5781233354359,7,0
"2",3238,2021,5,1456.8,1456.8,29.1425873937096,35,1
"3",3239,2021,5,1461.4,1461.4,27.1062649584925,35,0
"4",3240,2021,4,1496.7,1496.7,14.52624779494,7,0
"5",3250,2021,4,1513.5,1513.5,29.5043534923238,35,0
"6",3260,2021,5,1481.1,1481.1,19.9541474385653,7,0
"7",3370,2021,5,1519,1519,39.3464102555747,21,0
"8",3982,2021,5,1523,1533.9,31.0557949503792,7,0
"9",3985,2021,6,1490.9,1490.9,46.705014720049,35,0
"10",3990,2021,6,1479.1,1479.1,32.5517065604862,35,1
"11",4045,2021,6,1533.8,1533.8,36.4831467941021,35,0
"12",4726,2021,6,1448,1482.7,40.5179170244473,7,0
"13",4729,2021,8,1477,1488.5,53.2080670575431,7,1
"14",4733,2021,4,1477,1488.9,13.5673320885132,7,0
"15",4734,2021,4,1455,1493.2,26.5200278091861,7,1
"16",4759,2021,4,1487,1491.6,35.200883827288,35,0
"17",4774,2021,6,1471,1524,56.7165443235041,7,0
"18",4781,2021,6,1495.7,1495.7,47.1613231366551,35,0
"19",4792,2021,3,1533.6,1533.6,18.0172139910698,7,0
"20",4804,2021,4,1492.2,1492.2,33.4460292860004,50,0
"21",4810,2021,5,1492.1,1492.1,34.3099384289742,35,0
"22",4817,2021,5,1512.8,1512.8,23.4629921365541,35,0
"23",4826,2021,6,1501.5,1501.5,22.7016651371656,35,0
"24",4843,2021,5,1565,1565,60.2969120270682,35,0
"25",5121,2021,5,1454,1474.6,21.561391420778,21,1
"26",5122,2021,5,1451,1482,22.4221854421017,63,0
"27",5124,2021,5,1468,1520.6,24.8280808762981,21,0
"28",5130,2021,5,1464.7,1464.7,29.092170768095,21,1
"29",5141,2021,5,1532.1,1532.1,5.3766160361328,21,0
"30",5208,2021,5,1450,1450,19.7259828652466,63,1
"31",5212,2021,5,1472.7,1472.7,14.4066824772395,35,1
"32",5218,2021,4,1473.7,1473.7,20.9436147787339,35,1
"33",5220,2021,4,1477.3,1477.3,37.6385689818304,49,0
"34",5221,2021,4,1478.1,1478.1,42.0996437039555,35,0
"35",5225,2021,6,1492.9,1492.9,25.9578932546966,7,0
"36",5229,2021,3,1489,1502.7,26.9997530852908,7,0
"37",5230,2021,5,1472,1472,22.9343061809159,35,0
"38",5231,2021,6,1495.6,1495.6,39.6723379699256,7,0
"39",5235,2021,5,1482.3,1482.3,54.7156065487718,35,0
"40",5236,2021,6,1517.3,1517.3,26.0673742444459,7,0
"41",5237,2021,5,1496,1496,22.9435481127048,7,0
"42",5243,2021,4,1495,1502.3,24.4053785055672,7,0
"43",5246,2021,4,1479.1,1479.1,17.9077322684923,35,0
"44",5247,2021,3,1470,1519.9,6.16459424635732,7,0
"45",5259,2021,4,1552,1571.4,45.1414651401569,7,0
"46",5266,2021,6,1469.4,1469.4,42.9654093428656,35,1
"47",5268,2021,4,1484.3,1484.3,15.4106024108945,35,0
"48",5269,2021,4,1493.3,1493.3,27.4357772807697,7,0
"49",5275,2021,6,1522.7,1522.7,52.3643619267914,7,0
"50",5279,2021,5,1482.6,1482.6,22.5119168441961,35,0
"51",5282,2021,4,1487.5,1487.5,25.7450359292816,7,0
"52",5291,2021,5,1503.3,1503.3,38.8862237816942,7,0
"53",5294,2021,6,1511.7,1511.7,61.2434758430098,7,0
"54",5295,2021,4,1533,1544.9,26.9770272639518,7,0
"55",5302,2021,5,1503.5,1503.5,48.1027234156238,7,0
"56",5307,2021,5,1509.5,1509.5,29.880655949962,49,0
"57",5317,2021,5,1501.5,1501.5,43.0740107257265,7,0
"58",5322,2021,5,1496.8,1496.8,32.6504885108937,7,0
"59",5329,2021,4,1544.5,1544.5,29.6977271857629,22,0
"60",5344,2021,7,1549.1,1549.1,32.9481242089575,7,0
"61",5355,2021,5,1494.9,1494.9,7.22844381592606,7,0
"62",5371,2021,5,1535,1535,28.3120045210508,7,0
"63",5386,2021,6,1546.4,1546.4,23.822794872885,36,0
"64",5406,2021,5,1554.3,1554.3,47.297188077094,7,0
"65",5616,2021,5,1493.9,1493.9,40.4869559240998,35,0
"66",6245,2021,7,1598.2,1598.2,63.1417101095271,7,0
"67",6743,2021,5,1500,1522,14.4480679215826,21,1
"68",6744,2021,6,1505,1509,10.2164083708513,7,0
"69",6750,2021,6,1530,1549.7,32.6256321777831,50,0
"70",6751,2021,5,1510,1548,21.3813522075247,35,0
"71",6754,2021,6,1502,1506.9,18.0158957590234,50,0
"72",6760,2021,5,1532,1534.6,30.2810171559676,50,0
"73",6762,2021,6,1499,1499,21.2008696755581,50,0
"74",6763,2021,4,1562,1600.9,16.1677319236668,35,0
"75",6769,2021,5,1523,1523,24.6306084983704,64,0
"76",6774,2021,5,1555,1579.7,22.2057847193023,35,0
"77",6778,2021,6,1538.4,1538.4,30.2232112787506,50,0
"78",8906,2021,6,1499,1499,55.7972943390229,35,0
"79",9063,2021,7,1542.8,1542.8,76.9385313090912,7,0
"80",9695,2021,6,1457,1474.1,21.7025856114479,7,1
"81",9698,2021,4,1479.5,1479.5,31.9398164521964,21,1
"82",9701,2021,6,1504,1504,26.4582690287932,7,0
"83",9702,2021,6,1504.4,1504.4,27.6066668679063,7,0
"84",9703,2021,3,1571,1590.8,8.60000000000002,36,0
"85",9705,2021,5,1545,1626.4,17.3602304132174,21,0
"86",9708,2021,4,1505.6,1505.6,25.0906855227194,7,0
"87",10429,2021,4,1473,1479,11.9231800381535,63,1
"88",10435,2021,5,1497.4,1497.4,16.6426440207078,35,1
"89",11466,2021,6,1463.7,1463.7,34.0986451343745,35,1
"90",11483,2021,7,1482,1482,27.1267190955502,35,0
"91",13034,2021,7,1495,1495,40.4765843118095,57,0
"92",13427,2021,5,1478.9,1478.9,27.2950544971062,35,0
"93",13430,2021,6,1510.1,1510.1,47.8143429201834,49,0
"94",13438,2021,5,1477.2,1477.2,21.9925987550358,50,0
"95",13452,2021,6,1562.3,1562.3,47.2748135903253,35,0
"96",13453,2021,5,1584.3,1584.3,54.3666487839742,35,0
"97",13462,2021,5,1526,1526,47.558242187869,49,0
"98",13467,2021,6,1566.3,1566.3,38.9224728002845,7,0
"99",13479,2021,5,1591.8,1591.8,14.3760912629268,20,0
"100",13480,2021,5,1582,1582,40.7759349984767,35,0
"101",13699,2021,5,1490.7,1490.7,41.0732949196379,7,0
"102",13700,2021,7,1488.5,1488.5,40.2902800519761,7,0
"103",13701,2021,7,1485.8,1485.8,33.9453318669233,7,0
"104",13765,2021,6,1499.2,1499.2,17.1638457229142,36,0
"105",13772,2021,7,1496.8,1496.8,45.7762151668309,7,0
"106",13787,2021,6,1519.3,1519.3,21.3771466758312,7,0
"107",13799,2021,6,1485.2,1485.2,22.2476425717423,7,0
"108",13801,2021,4,1491.7,1491.7,24.7976309352325,7,0
"109",13804,2021,6,1540,1550.6,30.9380025211713,21,0
"110",13820,2021,6,1556,1564,62.6345719231799,63,0
"111",13887,2021,4,1496.9,1496.9,33.6878594600488,7,0
"112",15828,2021,6,1516,1516.8,22.4483156383725,7,0
"113",15988,2021,7,1523.6,1523.6,13.3436726578555,35,0
"114",15990,2021,7,1527,1533.9,13.0495363902324,35,0
"115",15994,2021,6,1470.2,1470.2,25.1285017460253,50,1
"116",15997,2021,6,1539,1539,13.1484751967671,35,0
"117",16006,2021,7,1531.8,1531.8,18.2724273154937,42,0
"118",16008,2021,6,1538,1538,23.0142564511652,50,0
"119",16014,2021,7,1482,1548,16.621504143729,35,0
"120",16016,2021,6,1533.1,1533.1,31.1392100092472,50,0
"121",16698,2021,5,1546.3,1546.3,20.1991749006406,50,0
"122",16700,2021,6,1572.4,1572.4,17.4854761159083,50,0
"123",17635,2021,5,1538.9,1538.9,8.85141231668709,50,0
"124",17648,2021,5,1582.6,1582.6,22.0569464996606,21,0
"125",17732,2021,4,1432.9,1432.9,61.766999459438,35,1
"126",17733,2021,5,1482,1484.4,34.1068449874802,35,1
"127",17748,2021,5,1533.2,1533.2,24.1757497298429,50,0
"128",17749,2021,5,1503.1,1503.1,35.8964134698719,35,0
"129",18178,2021,6,1472.6,1472.6,33.6665222769181,35,0
"130",18182,2021,6,1493.4,1493.4,39.0945754975461,35,0
"131",20195,2021,4,1461,1482,17.9786679150598,63,0
"132",20201,2021,5,1486,1515,11.9753747331764,63,0
"133",22869,2021,6,1606.7,1606.7,56.4975663192672,21,0
"134",22992,2021,6,1455.4,1455.4,31.9654794270319,49,1
"135",22993,2021,6,1501.2,1501.2,52.7057575128182,35,0
"136",22999,2021,6,1518,1553.2,34.6750180245086,35,0
"137",23003,2021,6,1557,1586.7,37.4922908742584,35,0
"138",23007,2021,7,1531.6,1531.6,31.5799303355787,42,0
"139",23242,2021,5,1480.4,1480.4,23.9096633184158,7,1
"140",23705,2021,5,1484.8,1484.8,31.1413711965289,7,0
"141",26078,2021,6,1507,1548,50.0039470664289,77,0
"142",26079,2021,6,1497.3,1497.3,15.6824742945748,21,0
"143",26080,2021,3,1505.7,1505.7,36.8131317150098,21,1
"144",26351,2021,4,1505,1509.5,28.2797630824588,7,0
"145",26352,2021,5,1493.6,1493.6,22.8271083363618,7,0
"146",26353,2021,6,1505.1,1505.1,43.975693286178,35,0
"147",26354,2021,6,1483.4,1483.4,44.5955154696074,35,0
"148",26481,2021,5,1540,1559.6,28.6502181492567,35,0
"149",26881,2021,6,1525.4,1525.4,49.8308360578289,7,0
"150",27111,2021,3,1501,1519.7,21.3163995292096,35,0
"151",27114,2021,5,1515.4,1515.4,19.1661159341166,35,0
"152",27116,2021,5,1517,1545.3,13.5400101550922,7,0
"153",27125,2021,5,1568.2,1568.2,11.5355970803422,7,0
"154",27147,2021,5,1567.5,1567.5,19.1630503834854,35,0
"155",27440,2021,6,1530.7,1530.7,26.7038958872213,35,0
"156",27441,2021,5,1526.7,1526.7,41.001608200167,35,0
"157",28259,2021,5,1467,1535.3,22.6839701110718,35,1
"158",28265,2021,6,1471,1471.7,51.2692266374284,50,0
"159",28270,2021,5,1496.3,1496.3,39.3652333919158,49,0
"160",28275,2021,5,1450.3,1450.3,54.6541489733396,49,0
"161",28276,2021,5,1485.2,1485.2,47.7579564051897,49,1
"162",28280,2021,4,1484,1511.5,33.901659251429,35,0
"163",28286,2021,5,1520,1537.5,33.9252943981331,7,0
"164",28311,2021,3,1558,1596.9,7.68562872437176,35,0
"165",28327,2021,4,1558.3,1558.3,35.1691182004895,7,0
"166",28366,2021,3,1482.7,1482.7,44.2496202118039,35,0
"167",28372,2021,6,1523.5,1523.5,38.3647442321723,50,0
"168",28548,2021,4,1549,1572.7,11.5109730257698,35,0
"169",29713,2021,5,1539.8,1539.8,24.1777087417315,7,0
"170",29718,2021,7,1564.3,1564.3,16.7789153403907,42,0
"171",30815,2021,6,1512.1,1512.1,47.1833568821324,49,0
"172",30824,2021,4,1538,1538,39.1520992412923,7,0
"173",31577,2021,8,1527.7,1527.7,35.3885372886274,7,1
"174",32846,2021,6,1535.7,1535.7,24.77623609429,7,0
"175",32847,2021,7,1541.4,1541.4,35.4108119082294,7,0
"176",33411,2021,4,1528,1536.7,9.53388693031336,7,0
"177",33452,2021,5,1419.2,1419.2,29.388188103386,50,1
"178",33453,2021,5,1470,1502.1,21.2592944379629,50,0
"179",33455,2021,4,1487.9,1487.9,35.1618045611996,50,0
"180",33544,2021,7,1538.2,1538.2,18.5247282181293,49,0
"181",33857,2021,4,1468.7,1468.7,11.9038596681916,20,1
"182",33860,2021,5,1542,1551.4,47.7820834623188,20,0
"183",33861,2021,4,1518,1552.5,21.246529128307,20,0
"184",33867,2021,4,1556,1558.6,4.92563447689743,49,0
"185",33874,2021,6,1505.4,1505.4,38.1898946785083,20,0
"186",33876,2021,6,1499.3,1499.3,14.2304910315842,35,0
"187",34073,2021,6,1490.2,1490.2,31.8456825959187,21,1
"188",34793,2021,7,1546.7,1546.7,44.3856958940603,7,0
"189",35689,2021,4,1484,1503.1,29.7074906378846,35,1
"190",35693,2021,6,1509.9,1509.9,25.0367250254501,7,0
"191",35694,2021,4,1506.9,1506.9,38.3214936426022,35,0
"192",35696,2021,4,1487.2,1487.2,33.757693567541,35,1
"193",35698,2021,4,1513.4,1513.4,43.2132719774839,21,1
"194",35699,2021,3,1493.5,1493.5,49.9450587034282,35,1
"195",35717,2021,4,1490.5,1490.5,30.6140898933808,35,1
"196",36843,2021,7,1550,1559.8,24.9188282228519,42,0
"197",38021,2021,6,1481.8,1481.8,42.1380398215199,7,0
"198",38846,2021,5,1516,1516,11.23397624273,7,0
"199",39236,2021,6,1527,1538.4,12.3350881634465,7,0
"200",40647,2021,5,1531,1531,43.5398093702763,7,0
"201",41018,2021,5,1562.1,1562.1,25.6630006039824,35,0
"202",42727,2021,7,1454.5,1454.5,17.2571482773564,35,1
"203",43509,2021,4,1510.5,1510.5,18.7859488714305,7,0
"204",43861,2021,6,1508,1508,48.6871304008222,21,0
"205",43912,2021,5,1546.6,1546.6,27.7328397391973,22,0
"206",43914,2021,5,1534.7,1534.7,30.8527729709989,35,0
"207",43915,2021,4,1536.6,1536.6,27.9183071657291,22,0
"208",44873,2021,7,1512.4,1512.4,30.3273210158761,49,0
"209",45165,2021,4,1537.7,1537.7,27.1665235170053,21,0
"210",45969,2021,6,1523.4,1523.4,29.9215502049387,7,0
"211",46552,2021,7,1511.4,1511.4,30.5641358457915,35,0
"212",46787,2021,5,1523.8,1523.8,32.4256842641756,35,0
"213",47279,2021,5,1572.2,1572.2,40.7572079514777,21,0
"214",47280,2021,6,1611.9,1611.9,22.2426392318897,21,0
"215",47664,2021,7,1500.1,1500.1,21.3901472645702,7,0
"216",49080,2021,5,1520.5,1520.5,34.077072570865,50,0
"217",49081,2021,5,1534.5,1534.5,24.2950097756721,50,0
"218",49087,2021,6,1552,1552,35.7626844629986,50,0
"219",49091,2021,5,1594.8,1594.8,28.3239629112877,21,0
"220",49750,2021,5,1501.5,1501.5,31.9783813692939,21,0
"221",50148,2021,5,1556.4,1556.4,28.1718831461442,35,0
"222",50159,2021,6,1589.2,1589.2,49.4615163536259,21,0
"223",50160,2021,4,1595.9,1595.9,13.3467432565235,35,0
"224",50210,2021,6,1567.1,1567.1,29.6522107101646,49,0
"225",50216,2021,5,1526.9,1526.9,20.1832077480265,21,0
"226",50234,2021,4,1558,1558,34.3897150322593,7,0
"227",50506,2021,6,1570.8,1570.8,18.1741134584331,35,0
"228",50508,2021,5,1553.1,1553.1,35.2791014624806,7,0
"229",50852,2021,6,1516,1516,17.8792169850919,7,0
"230",50859,2021,6,1571.3,1571.3,22.9177136730521,21,0
"231",50894,2021,5,1502.4,1502.4,16.6901647685096,7,0
"232",50914,2021,5,1496.9,1496.9,24.5511074088318,35,0
"233",50918,2021,4,1497.7,1497.7,35.0182174811277,35,0
"234",50983,2021,7,1565.8,1565.8,19.2773027158884,42,0
"235",51120,2021,6,1538.9,1538.9,99.408510702052,35,0
"236",51235,2021,6,1485,1485,66.171522575803,58,0
"237",51332,2021,4,1546,1546,18.95,7,0
"238",52258,2021,5,1483.2,1483.2,20.9550113338075,7,0
"239",52296,2021,5,1512.7,1512.7,13.0102603740279,7,0
"240",52299,2021,4,1538.2,1538.2,15.5900253010984,35,0
"241",52955,2021,4,1534.1,1534.1,24.6433053789462,35,0
"242",52958,2021,4,1620.7,1620.7,26.2434158409304,21,0
"243",52959,2021,4,1605.9,1605.9,31.7265267560128,7,0
"244",53132,2021,6,1517.6,1517.6,38.7645508164354,20,0
"245",53136,2021,6,1608.5,1608.5,23.7236253553288,35,0
"246",53549,2021,5,1510.7,1510.7,46.3766579218468,49,0
"247",53765,2021,6,1521.4,1521.4,19.3092102376042,49,0
"248",53850,2021,6,1529.1,1529.1,20.5502700712181,50,0
"249",53852,2021,6,1541.2,1541.2,19.0075353478561,50,0
"250",54089,2021,6,1484.8,1484.8,20.8273591434173,7,1
"251",54090,2021,6,1474.5,1474.5,25.347496041139,7,1
"252",54092,2021,6,1536,1536,50.7588087593343,7,0
"253",55537,2021,4,1516.4,1516.4,22.8075097281575,7,0
"254",55540,2021,4,1586.9,1586.9,16.6113477779498,7,0
"255",55552,2021,5,1494.9,1494.9,39.5298368324485,7,0
"256",56052,2021,5,1469.6,1469.6,27.6571582054267,35,0
"257",56622,2021,5,1452,1452,19.194645086586,63,1
"258",56625,2021,5,1488.6,1488.6,8.57074092479759,35,1
"259",56626,2021,4,1474.4,1474.4,12.1734341908929,35,1
"260",56685,2021,5,1572.9,1572.9,10.8890036275134,49,0
"261",56686,2021,5,1599.6,1599.6,12.2468934836554,35,0
"262",56687,2021,4,1611.9,1611.9,17.2772972423351,20,0
"263",56688,2021,5,1576.9,1576.9,15.994574079981,35,0
"264",56694,2021,6,1601.8,1601.8,59.9271131366169,20,0
"265",56722,2021,5,1534.3,1534.3,60.6060921030222,50,0
"266",56786,2021,6,1529.6,1529.6,41.3149589535477,7,0
"267",56787,2021,6,1493.3,1493.3,47.662939830998,49,0
"268",56791,2021,5,1568.9,1568.9,61.3073763914262,7,0
"269",56851,2021,4,1605.2,1605.2,57.5974391791857,35,0
"270",56876,2021,5,1521,1521,30.089730390949,49,0
"271",57251,2021,4,1490.4,1490.4,25.4709147852997,7,0
"272",57252,2021,4,1508.7,1508.7,20.8330266644095,7,0
"273",57370,2021,5,1495.5,1495.5,42.6589087999213,7,1
"274",57371,2021,4,1502,1502,36.133210331894,35,0
"275",57372,2021,5,1533.7,1533.7,32.33592236198,35,0
"276",57375,2021,5,1552.4,1552.4,38.3045036516596,35,0
"277",58145,2021,5,1563.4,1563.4,9.4021274188345,20,0
"278",58361,2021,4,1530.7,1530.7,41.6517931786856,21,0
"279",58679,2021,4,1577.3,1577.3,16.2420749905915,20,0
"280",58681,2021,4,1567.3,1567.3,49.9922243953998,20,0
"281",58683,2021,4,1595.4,1595.4,19.8913926108757,7,0
"282",58691,2021,4,1588.6,1588.6,59.30482695363,20,0
"283",77914,2021,6,1474.7,1474.7,25.9899519045342,49,0
"284",2654,2022,7,1478.1,1478.1,53.0693257290248,7,0
"285",3239,2022,6,1427.5,1427.5,26.6919763224832,35,1
"286",3260,2022,5,1456.4,1456.4,28.3709992774312,35,0
"287",3982,2022,4,1502.9,1502.9,26.2496071399173,7,0
"288",3985,2022,6,1473.7,1473.7,54.0082215963459,35,0
"289",3988,2022,5,1472.3,1472.3,92.8833375799987,7,1
"290",3990,2022,6,1430,1430,44.3084010092894,35,0
"291",4045,2022,6,1486.4,1486.4,64.6355939092386,7,0
"292",4733,2022,5,1457.4,1457.4,26.707957615662,35,0
"293",4748,2022,5,1479.6,1479.6,37.8473037348766,21,0
"294",4759,2022,6,1469.8,1469.8,31.8022892257775,35,0
"295",4774,2022,5,1471,1474.8,20.4463199622817,7,0
"296",4778,2022,4,1467.7,1467.7,26.1924010926834,7,0
"297",4781,2022,6,1478.8,1478.8,62.4570764605581,35,0
"298",4792,2022,3,1463.3,1558.8,39.9751033630795,7,0
"299",4830,2022,5,1498.1,1498.1,60.4204590763758,7,0
"300",4833,2022,6,1489.9,1489.9,85.7833025710714,7,0
"301",4843,2022,4,1484.4,1484.4,21.4536710145373,21,0
"302",4898,2022,4,1494.7,1494.7,49.5589043462424,7,0
"303",5128,2022,5,1470.5,1470.5,19.2473374782072,50,0
"304",5130,2022,6,1420.4,1469.3,39.1671099265698,7,0
"305",5208,2022,5,1450,1480.7,10.5800224479913,35,0
"306",5231,2022,6,1478,1504,9.63119930226761,35,0
"307",5238,2022,5,1431,1431,41.89675882452,35,1
"308",5246,2022,4,1452.9,1452.9,21.7876621559593,35,0
"309",5253,2022,7,1480,1480,46.5251335898732,35,0
"310",5255,2022,4,1544,1548.4,30.2268506464038,35,0
"311",5256,2022,5,1493.9,1493.9,29.5626030653595,7,0
"312",5269,2022,7,1429.2,1429.2,45.2917732289455,35,1
"313",5279,2022,5,1458.8,1458.8,36.6416702676065,35,0
"314",5291,2022,5,1495.2,1495.2,31.9680715714914,7,0
"315",5298,2022,6,1442.7,1442.7,41.0679010907545,35,0
"316",5300,2022,5,1497.9,1497.9,42.2743421001439,35,0
"317",5307,2022,5,1457.2,1457.2,27.4738857826846,35,0
"318",5322,2022,5,1468.6,1468.6,31.1427294885982,35,0
"319",5327,2022,5,1446.5,1446.5,40.5367684947876,35,0
"320",5329,2022,3,1516.6,1516.6,4.98419724953,7,0
"321",5353,2022,4,1462.9,1462.9,45.3627600571217,35,0
"322",6744,2022,6,1439.9,1439.9,30.4748256762856,50,1
"323",6750,2022,6,1509.9,1509.9,12.1538059882491,21,0
"324",6760,2022,6,1475.8,1475.8,20.6693462644565,50,0
"325",6762,2022,4,1476.5,1479.9,19.8096567360467,50,0
"326",6769,2022,6,1453.1,1453.1,33.8821723034401,50,0
"327",6820,2022,6,1531.9,1531.9,9.20906482765758,50,0
"328",8908,2022,6,1485,1485,60.1956093821542,7,0
"329",9698,2022,6,1418.4,1418.4,43.4304968375398,21,1
"330",9701,2022,6,1488.7,1496.3,30.5819890712745,35,0
"331",10634,2022,6,1514.7,1514.7,16.846174639959,50,0
"332",10662,2022,6,1521.9,1521.9,18.0111076838711,35,0
"333",13034,2022,6,1489.2,1489.2,33.0301251385257,50,0
"334",13427,2022,6,1465,1465,24.6584184407679,21,1
"335",13428,2022,5,1532,1532.4,39.3523426875707,21,0
"336",13438,2022,4,1440.9,1440.9,31.1508426852308,21,1
"337",13450,2022,4,1528,1535.6,77.3344683824749,42,0
"338",13462,2022,4,1478.3,1527.6,34.2489689625834,49,0
"339",13467,2022,3,1510.5,1542.9,27.1530231588798,21,0
"340",13697,2022,6,1491.6,1491.6,13.7559078217325,35,0
"341",13699,2022,6,1490.7,1521.9,6.52930892208358,35,0
"342",13701,2022,7,1484,1491.5,34.1273595032881,35,1
"343",13709,2022,7,1467.4,1467.4,33.4647949343784,35,0
"344",13799,2022,5,1414.2,1414.2,43.6066150371707,36,1
"345",13801,2022,6,1469,1469,31.4333156592386,7,1
"346",13889,2022,6,1541.9,1541.9,14.7149447841302,7,0
"347",13919,2022,6,1545,1545,31.9598498119125,35,0
"348",15988,2022,7,1462,1462,27.5826467185439,50,0
"349",15994,2022,5,1424.1,1424.1,33.3763029708205,50,1
"350",16005,2022,5,1488.7,1488.7,34.767479057303,50,0
"351",16016,2022,5,1514.7,1514.7,36.5053968612861,50,0
"352",16033,2022,5,1506.1,1506.1,30.6448951703216,50,0
"353",17635,2022,6,1489.6,1499.7,31.4855141295168,64,0
"354",17733,2022,6,1405.8,1405.8,41.8651704881277,21,1
"355",18182,2022,7,1487.6,1487.6,42.7948757316679,71,0
"356",20195,2022,6,1456.6,1456.6,25.228096935758,63,0
"357",22993,2022,6,1501.2,1507,23.5370319921608,35,0
"358",22999,2022,6,1518,1548.6,21.4012119983893,35,0
"359",23012,2022,6,1520.8,1520.8,21.7127266827545,49,0
"360",23242,2022,6,1437,1462.9,32.8283779678496,64,1
"361",23255,2022,7,1483.5,1483.5,32.1676036132974,7,0
"362",23704,2022,6,1470.5,1470.5,36.2209110873815,35,0
"363",23713,2022,6,1448.5,1448.5,29.4325669964412,35,1
"364",26092,2022,6,1504.9,1504.9,24.8938747486204,50,0
"365",26296,2022,6,1523.8,1523.8,26.3315324278706,35,0
"366",26352,2022,6,1493.6,1518,46.9985361474163,49,0
"367",26354,2022,6,1475.3,1475.3,45.4572942441585,35,0
"368",26355,2022,6,1556,1557.9,22.2597169793328,21,0
"369",26359,2022,5,1531.8,1531.8,22.454398232863,35,0
"370",26482,2022,5,1483.9,1483.9,30.3715635916229,50,0
"371",26881,2022,6,1493,1493,64.3667465043523,35,0
"372",27111,2022,6,1462.1,1462.1,28.0988683046133,36,0
"373",27114,2022,6,1468.5,1468.5,24.9395749763303,50,0
"374",27125,2022,6,1503.4,1503.4,33.0984833489391,50,0
"375",27147,2022,6,1501.3,1501.3,41.9246753118018,50,0
"376",28275,2022,3,1450.3,1548.4,23.4864973028239,7,1
"377",28276,2022,5,1457.7,1457.7,24.4584545709658,35,1
"378",28327,2022,6,1498.3,1498.6,36.1039277641645,50,0
"379",28341,2022,6,1484.1,1484.1,28.3541178667227,50,0
"380",28372,2022,6,1472,1472,40.5213721386628,50,0
"381",29713,2022,6,1487.9,1487.9,22.9183245460919,50,1
"382",29718,2022,6,1526.3,1529.5,21.0512915280749,21,0
"383",30815,2022,7,1501.8,1537.3,16.2277540035583,56,0
"384",30832,2022,5,1555.7,1555.7,18.3853202310974,56,0
"385",32164,2022,6,1466.2,1466.2,43.076559751215,35,1
"386",33412,2022,6,1490.1,1490.1,33.0274068010191,21,0
"387",33418,2022,5,1507.9,1507.9,55.8163058612804,35,0
"388",33452,2022,4,1394.7,1394.7,41.0807132362621,50,1
"389",33544,2022,8,1489.3,1489.3,17.1166466294288,56,0
"390",33551,2022,8,1494.6,1494.6,16.8503012750878,50,0
"391",33857,2022,4,1430,1430,26.5925741514431,35,1
"392",33867,2022,4,1479,1479,20.4435044696353,21,0
"393",33874,2022,5,1468.7,1468.7,31.077886028493,21,0
"394",33886,2022,5,1542.6,1542.6,22.0698346165077,21,0
"395",33890,2022,6,1468.9,1468.9,42.9018938975891,21,0
"396",34304,2022,5,1481.5,1481.5,37.0038052097349,21,0
"397",35636,2022,7,1520,1520,51.8137819503653,50,0
"398",35689,2022,5,1459.6,1467.7,20.870495921276,35,1
"399",35694,2022,4,1460.5,1460.5,29.9223578616392,35,0
"400",35695,2022,5,1486.5,1486.5,17.4143159498155,20,0
"401",35696,2022,5,1443,1450.5,40.377746346224,35,1
"402",35699,2022,4,1456.9,1470,56.8629657597984,20,1
"403",35717,2022,4,1453.3,1453.3,25.9282664287453,35,1
"404",36843,2022,7,1535.2,1535.2,17.4401834852733,21,0
"405",37214,2022,5,1521.6,1521.6,22.9157238593941,21,0
"406",38021,2022,6,1459.2,1459.2,33.5999404761377,35,1
"407",38571,2022,5,1483,1484.8,21.9751678036825,35,0
"408",38850,2022,6,1442.4,1442.4,35.3496591214116,21,0
"409",39235,2022,5,1532.9,1532.9,21.866815040147,35,0
"410",39236,2022,6,1500.9,1500.9,39.8460336796525,50,0
"411",40064,2022,6,1540.5,1540.5,9.55758860801192,21,0
"412",41018,2022,6,1510.7,1510.7,18.8638702285612,35,0
"413",42058,2022,5,1468.3,1468.3,21.4620222719109,35,1
"414",42064,2022,5,1487.8,1487.8,45.6691756001792,7,0
"415",42673,2022,6,1465.4,1465.4,17.2408490220174,63,0
"416",42677,2022,5,1523,1523,12.6578039169518,63,0
"417",42734,2022,6,1499.2,1499.2,5.72450871254468,50,0
"418",42738,2022,5,1474.2,1474.2,24.3919043946962,63,0
"419",42828,2022,5,1490.3,1490.3,50.3891357338068,7,0
"420",42834,2022,5,1506.1,1506.1,2.53902868567233,7,0
"421",43098,2022,5,1488.5,1488.5,48.0712221604569,21,0
"422",43101,2022,6,1487.6,1487.6,24.2120321328054,21,0
"423",43457,2022,6,1482.4,1482.4,26.000507687351,35,0
"424",43509,2022,4,1474.8,1474.8,53.7667648273541,7,0
"425",43513,2022,7,1475.6,1475.6,29.4610288724312,7,0
"426",43522,2022,5,1545.2,1545.2,31.7319239883118,7,0
"427",43912,2022,4,1484.6,1484.6,50.7754615931752,35,0
"428",43914,2022,5,1493.5,1493.5,38.9855870803557,7,0
"429",43915,2022,3,1498.7,1498.7,33.8802138259026,7,0
"430",44873,2022,7,1502.8,1502.8,21.4355405810071,21,0
"431",45288,2022,6,1508.5,1508.5,11.7056610236244,50,0
"432",45289,2022,5,1500.8,1500.8,23.5372517984199,21,0
"433",45290,2022,5,1482.6,1482.6,8.80315599972852,50,0
"434",45792,2022,5,1472.2,1472.2,33.4247812259108,21,0
"435",45969,2022,6,1496.2,1496.2,39.0123484724174,35,0
"436",46552,2022,5,1511.4,1523.7,24.6169149163741,21,0
"437",46553,2022,6,1533.6,1533.6,22.517957278581,35,0
"438",46787,2022,5,1477.8,1477.8,26.4261991213266,35,0
"439",46792,2022,6,1516.9,1516.9,27.6834679908425,35,0
"440",48286,2022,6,1522.1,1522.1,24.9951675329452,35,0
"441",48776,2022,6,1523.8,1523.8,43.4545380253893,7,0
"442",48872,2022,6,1538.4,1538.4,24.3120217176605,21,0
"443",49080,2022,6,1452,1452,33.3187994981812,50,0
"444",49081,2022,5,1473.9,1473.9,27.9043365805388,50,0
"445",49087,2022,6,1483.2,1483.2,24.3941304415632,50,0
"446",49095,2022,5,1467.9,1467.9,43.3673148811406,50,0
"447",49097,2022,5,1487.2,1487.2,38.7596762112379,50,0
"448",49611,2022,6,1483.4,1483.4,36.0993407142014,35,0
"449",49750,2022,6,1464.2,1464.2,33.2679184801213,36,0
"450",50148,2022,6,1449.9,1449.9,28.6513524986169,50,1
"451",50149,2022,5,1484.9,1484.9,32.7518987999169,50,0
"452",50153,2022,6,1502.5,1502.5,26.6866558414501,50,0
"453",50160,2022,6,1482.9,1519.7,26.1157883281359,21,0
"454",50210,2022,5,1491.7,1491.7,23.3268429068316,7,0
"455",50216,2022,5,1475.1,1482.4,42.2912094884977,7,0
"456",50218,2022,4,1488.3,1488.3,62.469352485839,7,0
"457",50219,2022,4,1482.7,1482.7,58.5048021533276,50,0
"458",50223,2022,5,1521.9,1521.9,26.6165662699004,7,0
"459",50381,2022,6,1479.1,1479.1,15.7312388259794,63,0
"460",50386,2022,5,1453,1453,17.3699992803684,35,0
"461",50508,2022,6,1476.3,1476.3,39.0561339612615,50,0
"462",50515,2022,5,1489.8,1489.8,34.1340738851957,50,0
"463",50609,2022,7,1516.6,1516.6,45.1874613877198,21,0
"464",50852,2022,6,1464.9,1464.9,25.1031790815426,35,1
"465",50857,2022,5,1499.6,1499.6,30.8199914828022,35,0
"466",50858,2022,5,1550.3,1550.3,46.1025487364853,35,0
"467",50859,2022,5,1528.6,1528.6,31.2670689384214,50,0
"468",50915,2022,5,1502.8,1502.8,69.5532429150504,36,0
"469",50919,2022,4,1530,1530,14.7449143775066,49,0
"470",50926,2022,6,1528.7,1528.7,35.6375420027812,35,0
"471",51120,2022,6,1487.6,1487.6,55.3964403188508,35,0
"472",51121,2022,6,1495.8,1495.8,48.0591135998158,7,0
"473",51238,2022,7,1456.2,1456.2,44.1021187132773,21,0
"474",51240,2022,4,1462.7,1462.7,32.6791472756966,21,0
"475",51244,2022,4,1464.2,1464.2,40.6013409740231,21,0
"476",51245,2022,4,1480.8,1480.8,25.680256142717,21,0
"477",51250,2022,4,1490.4,1490.4,26.9087759331825,21,0
"478",51257,2022,5,1491.6,1491.6,40.1106204763776,21,0
"479",51260,2022,5,1542.9,1542.9,11.8537968600782,21,0
"480",51332,2022,5,1502.3,1502.3,28.3302351247254,21,0
"481",52169,2022,5,1537.6,1537.6,22.1769610181377,7,0
"482",52171,2022,5,1520.7,1520.7,41.0006829211416,35,0
"483",52178,2022,4,1530.3,1530.3,32.9331899457068,35,0
"484",52258,2022,3,1471.4,1493.1,4.92634640366358,7,1
"485",52295,2022,6,1483.1,1483.1,29.0183114601798,35,0
"486",52297,2022,6,1485,1485,40.6181535769414,35,0
"487",52298,2022,7,1433.1,1433.1,42.9624028140368,35,0
"488",52302,2022,5,1481.5,1481.5,35.3103738297968,35,0
"489",52955,2022,6,1495.8,1498.5,18.7114510394037,50,0
"490",52964,2022,6,1534.9,1534.9,14.5088386854359,50,0
"491",53132,2022,6,1478.7,1478.7,30.440762145518,21,0
"492",53133,2022,6,1505.8,1505.8,33.1355549221678,21,0
"493",53135,2022,4,1551,1551,4.34843522303009,35,0
"494",53554,2022,6,1511.8,1511.8,10.0083298640016,56,1
"495",53851,2022,5,1489.3,1489.3,29.3308438337529,50,0
"496",53852,2022,5,1423.2,1423.2,43.5163601419053,50,1
"497",53853,2022,4,1522.5,1522.5,10.3773792452623,35,0
"498",54089,2022,5,1453.7,1462,21.8761422558914,7,1
"499",54090,2022,5,1448.5,1448.5,29.8453078389217,7,1
"500",54091,2022,6,1525.8,1525.8,37.0772354536971,7,0
"501",54095,2022,5,1559.5,1559.5,36.9853700806143,7,0
"502",54101,2022,5,1537.9,1537.9,36.3206497739234,7,0
"503",55020,2022,5,1455.4,1455.4,27.2239159563792,21,0
"504",55022,2022,5,1474.7,1474.7,31.3657775290204,35,0
"505",55537,2022,3,1470.1,1470.1,41.9099828998613,7,0
"506",55540,2022,5,1497.5,1497.5,35.2607657319009,7,0
"507",55552,2022,6,1476.2,1476.2,41.1763718654278,35,0
"508",56055,2022,5,1443.4,1443.4,24.357799572211,35,0
"509",56567,2022,5,1442.7,1442.7,19.3657397225099,35,0
"510",56622,2022,5,1432.9,1432.9,18.1224308523994,35,1
"511",56625,2022,5,1442.5,1451.3,21.7092578178067,35,1
"512",56626,2022,4,1434.5,1434.5,27.4771824530019,35,0
"513",56686,2022,5,1496,1496,22.228324273323,21,0
"514",56688,2022,5,1491.5,1491.5,19.6912772566941,49,0
"515",56690,2022,3,1537.2,1537.2,46.1999999999999,21,0
"516",56692,2022,5,1557.5,1557.5,34.2568971157634,35,0
"517",56699,2022,5,1551.6,1551.6,29.3508023740408,21,0
"518",56722,2022,6,1509.1,1509.1,12.3282764407682,50,0
"519",56724,2022,6,1504.8,1504.8,15.0504060484168,35,0
"520",56786,2022,5,1457.6,1457.6,32.392389152392,21,0
"521",56791,2022,5,1487.8,1487.8,40.6098707212914,21,0
"522",56876,2022,6,1498.5,1498.5,18.6918932962929,35,0
"523",57100,2022,5,1467,1467,37.6732053321721,35,0
"524",57251,2022,6,1490.4,1499.6,43.944990866107,35,0
"525",57252,2022,6,1487.8,1487.8,52.3989397687481,35,0
"526",57255,2022,6,1524.1,1524.1,31.9129545273807,21,0
"527",57370,2022,6,1447.8,1456.5,40.9871389042411,35,0
"528",57371,2022,6,1451.9,1451.9,37.371186167361,21,1
"529",57374,2022,5,1488,1488,26.9640798099991,21,0
"530",57375,2022,4,1497.4,1497.4,27.1629688178594,35,0
"531",58367,2022,3,1519,1519,6.23110477095891,20,1
"532",58634,2022,4,1474.1,1474.1,31.3769820091098,35,0
"533",58680,2022,4,1517.5,1517.5,23.3690366724861,21,0
"534",58681,2022,4,1516.4,1516.4,47.4487289081594,21,0
"535",58683,2022,4,1540,1553.7,54.9451089725009,21,0
"536",58687,2022,5,1551.8,1551.8,185.532796022698,21,0
"537",59402,2022,5,1512.8,1512.8,71.1685674999856,7,0
"538",61057,2022,6,1492.7,1492.7,21.976987964687,35,0
"539",61730,2022,5,1471.4,1471.4,27.1541967290509,21,0
"540",63191,2022,7,1571.2,1571.2,25.4164198895123,35,0
"541",63513,2022,7,1462.1,1462.1,19.2172665416633,50,0
"542",64249,2022,5,1458.5,1458.5,29.7179137894974,35,0
"543",64549,2022,7,1490.5,1490.5,39.8548895647977,50,0
"544",65108,2022,6,1497.4,1497.4,16.4169911981459,50,0
"545",65830,2022,6,1518.2,1518.2,20.8833522213269,50,0
"546",67135,2022,5,1508.9,1508.9,22.2895014524776,35,0
"547",67163,2022,6,1511.7,1511.7,49.8642717784989,7,0
"548",67165,2022,5,1525.5,1525.5,50.3889758666406,7,0
"549",67326,2022,4,1529.4,1529.4,10.232410381832,64,0
"550",67603,2022,5,1484.4,1484.4,13.6692172416711,50,1
"551",67778,2022,6,1480.9,1480.9,22.8134143652369,50,0
"552",67849,2022,7,1514.5,1514.5,15.0337487008397,21,0
"553",67914,2022,6,1507.3,1507.3,45.5069431515676,56,0
"554",68308,2022,5,1452,1452,19.2401923067312,21,0
"555",68590,2022,3,1503.9,1503.9,64.0999999999999,49,0
"556",68824,2022,6,1547.5,1547.5,28.9375620949658,21,0
"557",69200,2022,6,1525.4,1525.4,34.7281546043296,7,0
"558",69203,2022,5,1509.5,1509.5,40.4960936387696,21,0
"559",69204,2022,5,1519.8,1519.8,38.6573356557329,21,0
"560",69512,2022,5,1510.6,1510.6,16.6125735513797,21,0
"561",69792,2022,6,1556.2,1556.2,22.3512863164516,21,0
"562",69793,2022,6,1510.3,1510.3,34.4726558303825,21,0
"563",69799,2022,7,1540,1540,46.3408537062301,21,0
"564",71244,2022,5,1523.3,1523.3,45.2378436709798,21,0
"565",71420,2022,4,1489.5,1489.5,26.743912858817,21,0
"566",71438,2022,5,1515.1,1515.1,24.944289927757,35,0
"567",71439,2022,5,1545.2,1545.2,23.718971309903,49,0
"568",71711,2022,5,1537.7,1537.7,27.8584367831362,21,0
"569",71712,2022,5,1499.5,1499.5,43.4600606879465,35,0
"570",72137,2022,5,1468.8,1468.8,25.4723693440559,21,0
"571",72428,2022,4,1513.8,1513.8,45.9177185299967,50,0
"572",73253,2022,4,1495.6,1495.6,19.6484732231286,21,0
"573",73997,2022,4,1524,1524,25.5214615568936,21,0
"574",74081,2022,4,1525.8,1525.8,9.00236080147868,49,1
"575",77914,2022,5,1466.8,1466.8,23.9589649192114,7,0
"576",3239,2023,4,1427.5,1449.7001,15.542963362624,7,1
"577",4733,2023,4,1444.5007,1444.5007,33.1630650990257,7,0
"578",4896,2023,6,1436.6002,1436.6002,32.8197316039239,7,1
"579",5256,2023,7,1474.5006,1474.5006,17.0877828430255,7,1
"580",5269,2023,5,1429.2,1456.6029,14.5836216713306,50,0
"581",5270,2023,5,1507.4026,1507.4026,32.2112551052714,7,0
"582",5298,2023,5,1442.7,1463.3002,19.7309123837293,7,1
"583",5353,2023,5,1462.9,1482.2011,38.0950492071292,7,0
"584",5361,2023,5,1522.9044,1522.9044,33.8328365527574,7,0
"585",6820,2023,5,1516.9011,1516.9011,17.6174066250364,7,0
"586",8908,2023,6,1460.8002,1460.8002,62.633724159673,35,1
"587",9698,2023,5,1418.4,1440.2003,34.7120478684506,49,1
"588",9701,2023,6,1488.7,1492.3017,25.2494823367177,7,0
"589",13701,2023,7,1453.4001,1453.4001,55.1799102382807,35,1
"590",13703,2023,7,1516.503,1516.503,45.4608450213852,7,0
"591",13709,2023,7,1467.4,1473.9008,40.461945062161,7,1
"592",13733,2023,7,1489.2012,1489.2012,50.1145767204319,35,0
"593",13738,2023,7,1526.4042,1526.4042,71.1687863173331,7,0
"594",13799,2023,6,1414.2,1473.1007,15.3747873130785,7,0
"595",13801,2023,5,1443.6002,1443.6002,34.9536044056461,7,1
"596",13948,2023,6,1522.4035,1522.4035,25.2984554878435,7,0
"597",15988,2023,7,1462,1472.501,21.8478956633905,7,0
"598",16016,2023,5,1487.4031,1487.4031,21.8298063690359,35,0
"599",18182,2023,4,1487.6,1524.7045,19.2552762982481,7,0
"600",22993,2023,6,1489.4007,1489.4007,25.0820002882545,7,0
"601",23242,2023,6,1426.7001,1426.7001,19.3748986475181,7,1
"602",23704,2023,5,1470.5,1493.4019,25.6328172575703,7,0
"603",24703,2023,6,1534.4031,1534.4031,33.0818753820638,7,0
"604",25811,2023,7,1488.3,1490.6009,28.5557553256053,7,0
"605",26352,2023,6,1475.4009,1475.4009,28.385499331734,7,0
"606",26359,2023,6,1516.7031,1516.7031,29.2290640608368,7,0
"607",26881,2023,6,1480.9003,1480.9003,12.6191063780835,7,1
"608",26897,2023,6,1517.8013,1517.8013,36.011804691074,7,0
"609",28276,2023,4,1452.6001,1452.6001,22.854027890984,7,0
"610",28304,2023,4,1507.6,1512.101,18.7205710523211,63,0
"611",28366,2023,5,1430.6001,1430.6001,40.9287512053129,35,1
"612",29724,2023,6,1488.1012,1488.1012,50.3640188988688,7,0
"613",32004,2023,4,1532.802,1532.802,32.0369953662256,21,0
"614",32164,2023,6,1466.2,1469.0005,22.648186708644,7,1
"615",33416,2023,5,1470.7019,1470.7019,45.0708813317076,7,0
"616",33418,2023,5,1481.4029,1481.4029,61.5014624580587,7,0
"617",35694,2023,4,1460.5,1479.8003,16.2231791360965,7,0
"618",35695,2023,5,1478.6002,1478.6002,7.97895450701412,7,1
"619",35696,2023,4,1443,1476.3001,14.0782156263454,7,1
"620",37214,2023,4,1488.3006,1488.3006,29.2631482848736,7,0
"621",38846,2023,3,1481,1482.5001,9.24701850364031,21,1
"622",38850,2023,5,1442.4,1481.2003,10.799522242442,7,0
"623",42058,2023,5,1468.3,1478.4011,21.9620045881063,7,0
"624",42064,2023,6,1466.8015,1466.8015,24.9089657458835,7,0
"625",42673,2023,4,1465.4,1472.1004,38.8920335222637,77,0
"626",42677,2023,6,1512.8107,1512.8107,22.7736845573033,63,0
"627",42734,2023,5,1472.3043,1472.3043,19.3587957743244,63,0
"628",42738,2023,6,1474.2,1476.7014,27.5855116026511,56,0
"629",42827,2023,5,1487.6019,1487.6019,15.0683998287276,56,0
"630",42828,2023,5,1490.3,1504.6016,24.4694123020329,7,0
"631",43220,2023,6,1488.1005,1488.1005,56.0124898624926,7,0
"632",43225,2023,6,1515.3,1554.2042,73.1736503691219,7,0
"633",43231,2023,6,1541.2,1545.2075,51.8608924456249,35,0
"634",43457,2023,6,1478.201,1478.201,12.5712239917996,7,0
"635",43509,2023,5,1458.1011,1458.1011,26.1895654344913,7,0
"636",43519,2023,5,1536.8062,1536.8062,36.9415001737883,56,0
"637",43522,2023,5,1461.3012,1461.3012,28.7516777147004,7,0
"638",43877,2023,5,1498.8004,1498.8004,39.5610181203038,7,0
"639",43912,2023,5,1441.1005,1441.1005,38.2595191895246,7,0
"640",43915,2023,5,1445.4001,1445.4001,32.0409543257626,21,0
"641",43925,2023,5,1494.1044,1494.1044,35.1840162399349,7,0
"642",44791,2023,7,1477.5022,1477.5022,51.6585258566135,35,0
"643",44884,2023,7,1475.9011,1475.9011,23.0386161452983,7,0
"644",45290,2023,5,1482.6,1485.1001,19.3261382918316,7,1
"645",45291,2023,5,1541.2,1590.3114,19.6322032029648,42,0
"646",45292,2023,5,1540.7025,1540.7025,31.2944642491588,7,0
"647",45293,2023,5,1531.2017,1531.2017,25.4052095819932,7,0
"648",45298,2023,5,1543.603,1543.603,27.8194132678064,7,0
"649",45792,2023,6,1472.2,1513.4004,34.9225423988804,21,0
"650",45927,2023,6,1445,1481.9014,14.7573526109529,35,0
"651",45969,2023,6,1487.7015,1487.7015,32.757029892363,7,1
"652",46552,2023,6,1478.8013,1478.8013,16.9904001280687,7,0
"653",46553,2023,6,1520.5032,1520.5032,27.7192632416859,7,0
"654",46576,2023,7,1525.704,1525.704,49.271421335485,7,0
"655",46800,2023,6,1482.9006,1482.9006,19.0264834256096,63,0
"656",46802,2023,6,1513,1524.6038,39.6336587020377,7,0
"657",47379,2023,5,1505.5013,1505.5013,47.0693653677474,7,0
"658",47498,2023,2,1509.0009,1509.0009,38.3497,7,0
"659",47664,2023,7,1475.5007,1475.5007,26.9338150806305,7,1
"660",48275,2023,5,1507.3053,1507.3053,21.766164094245,35,0
"661",48278,2023,5,1492.7036,1492.7036,33.9261676006589,35,0
"662",48282,2023,5,1471.0018,1471.0018,25.7834812018392,35,0
"663",48612,2023,6,1524.2074,1524.2074,39.4488484946266,35,0
"664",48614,2023,5,1505.7018,1505.7018,33.635748012299,7,0
"665",48622,2023,6,1474.2021,1474.2021,22.9810159654093,35,0
"666",48623,2023,5,1530.1084,1530.1084,41.5421421341254,35,0
"667",48655,2023,6,1493.804,1493.804,23.0858502555483,35,0
"668",48776,2023,5,1488.9007,1488.9007,64.1262889770012,7,0
"669",48872,2023,7,1496.5002,1496.5002,42.9766803050891,7,0
"670",48886,2023,6,1505.8008,1505.8008,29.2645979339133,7,0
"671",49080,2023,5,1451.7008,1451.7008,28.0910275832315,35,0
"672",49081,2023,6,1452.8009,1452.8009,25.3128555200238,35,0
"673",49087,2023,6,1467.3015,1467.3015,41.826794880287,35,0
"674",49095,2023,5,1447.9007,1447.9007,29.6365293216834,35,0
"675",49611,2023,6,1483.4,1500.1009,23.845457526464,7,0
"676",49750,2023,5,1464.2,1474.7002,25.9992175987971,7,1
"677",50148,2023,6,1447.9006,1447.9006,38.952047581313,35,0
"678",50153,2023,4,1494.3015,1494.3015,18.5493,7,0
"679",50156,2023,5,1494.8016,1494.8016,42.501401552524,7,0
"680",50159,2023,6,1479.1,1494.2014,72.3998381749356,7,0
"681",50213,2023,3,1437.4003,1437.4003,39.9633354967886,7,0
"682",50216,2023,4,1454.001,1454.001,44.595842506505,7,1
"683",50218,2023,5,1475.8004,1475.8004,34.4147710379115,21,0
"684",50219,2023,4,1443.3006,1443.3006,36.2182638844915,7,0
"685",50226,2023,5,1484.6035,1484.6035,30.8520778170917,7,0
"686",50380,2023,6,1457.6,1489.7047,27.2166902131468,35,0
"687",50381,2023,5,1479.1,1502.9012,15.7047005272905,7,0
"688",50386,2023,6,1453,1467.3008,18.0674648158063,56,1
"689",50482,2023,6,1525.0016,1525.0016,21.6605726579744,7,0
"690",50506,2023,6,1532.3,1561.1072,7.91095514774295,35,0
"691",50508,2023,6,1476.3,1533.3007,14.5249874306314,63,0
"692",50515,2023,6,1489.8,1504.2007,19.7211326924597,7,0
"693",50609,2023,6,1499.0023,1499.0023,20.7916796119409,7,0
"694",50610,2023,6,1478.3005,1478.3005,89.6310170552966,21,0
"695",50852,2023,6,1457.6002,1457.6002,10.4919561197329,35,1
"696",50857,2023,6,1489.0011,1489.0011,9.31788309297772,35,0
"697",50858,2023,6,1497.6022,1497.6022,20.6564149492017,7,0
"698",50859,2023,4,1497.4021,1497.4021,15.4592762754883,35,0
"699",50868,2023,6,1500.2022,1500.2022,18.9383975143622,35,0
"700",50894,2023,3,1470.2,1530.5015,39.2913139647372,21,0
"701",50914,2023,5,1463.4003,1463.4003,20.6417081081387,63,1
"702",50918,2023,6,1465.7,1516.4029,40.4706783372555,7,0
"703",50926,2023,5,1521.5033,1521.5033,9.36072555209261,7,0
"704",50959,2023,7,1466.7014,1466.7014,35.1777748228394,35,0
"705",50960,2023,5,1482.9008,1482.9008,44.8928969303887,7,0
"706",51119,2023,7,1438.7004,1438.7004,70.9804209133621,7,0
"707",51240,2023,3,1462.7,1504.3015,19.6654604224993,7,0
"708",51244,2023,3,1464.2,1493.1004,22.465726439228,21,0
"709",51245,2023,3,1480.8,1485.2002,19.5135644320104,21,0
"710",51250,2023,3,1490.4,1510.9007,19.1839559355091,21,0
"711",51257,2023,4,1491.6,1517.301,17.9469807360981,21,0
"712",51270,2023,3,1517.9011,1517.9011,25.8278324300656,21,0
"713",52171,2023,5,1504.3031,1504.3031,49.015880029011,7,0
"714",52172,2023,5,1529.4051,1529.4051,30.780368716466,7,0
"715",52258,2023,4,1471.4,1491.6016,12.8098354510069,7,0
"716",52297,2023,6,1485,1487.1017,48.7408556407046,7,0
"717",52298,2023,6,1431.3006,1431.3006,30.5588889090948,50,1
"718",52955,2023,5,1457.6011,1457.6011,22.0475065461471,35,0
"719",52958,2023,5,1490.3033,1490.3033,27.0278840143729,35,0
"720",52960,2023,5,1498.2045,1498.2045,46.2854423691942,35,0
"721",52964,2023,5,1460.1012,1460.1012,67.2201892873681,35,0
"722",53132,2023,6,1478.7,1486.2009,34.3856394574667,35,0
"723",53133,2023,5,1490.3019,1490.3019,36.0260365183554,7,0
"724",53136,2023,5,1549.3004,1549.3004,50.1054693408775,35,0
"725",53138,2023,6,1533.5001,1533.5001,36.4677117829671,35,0
"726",53555,2023,5,1470.7017,1470.7017,31.0519663927037,35,0
"727",53736,2023,6,1469.1004,1469.1004,18.9194055746369,7,0
"728",53850,2023,4,1443.8003,1443.8003,24.3946468525756,7,1
"729",53851,2023,4,1462.5007,1462.5007,22.8617503217164,7,0
"730",53852,2023,4,1423.2,1436.7001,22.0507168252531,7,1
"731",53853,2023,3,1488.1007,1488.1007,19.1782950624456,63,0
"732",54089,2023,6,1453.7,1464.7002,37.071010327733,71,1
"733",54090,2023,6,1442.0001,1442.0001,43.980284996187,7,1
"734",54091,2023,6,1513.7015,1513.7015,31.2707417354421,21,0
"735",54101,2023,6,1502.903,1502.903,31.0562477228773,7,0
"736",55020,2023,5,1445.8001,1445.8001,21.3477308273268,21,1
"737",55639,2023,4,1473.302,1473.302,54.0835225615591,35,0
"738",55948,2023,6,1499.3006,1499.3006,77.0595803320885,7,0
"739",56055,2023,5,1443.4,1444.8008,35.4717000949432,7,0
"740",56332,2023,6,1545.9057,1545.9057,11.0434432678581,35,0
"741",56335,2023,5,1508.2008,1508.2008,37.8802206279425,7,0
"742",56567,2023,5,1442.7,1474.0047,42.2221816622791,63,0
"743",56622,2023,5,1432.9,1441.7012,30.4542502090021,63,1
"744",56625,2023,4,1442.5,1484.7004,27.0806328521303,7,1
"745",56626,2023,4,1434.5,1460.903,29.6160697808216,63,1
"746",56688,2023,5,1480.7004,1480.7004,31.4078239344657,7,1
"747",56722,2023,5,1460.6002,1460.6002,33.0115474873263,7,0
"748",56724,2023,5,1468.2016,1468.2016,20.3319753275868,35,0
"749",56743,2023,6,1471.4019,1471.4019,42.1047644149314,35,0
"750",56786,2023,6,1457.5006,1457.5006,44.8514158839928,7,0
"751",56787,2023,6,1464,1493.2021,38.1249771950861,7,0
"752",56788,2023,6,1534.3043,1534.3043,68.6710686327138,7,0
"753",56791,2023,5,1466.6008,1466.6008,29.1724241328279,7,0
"754",57100,2023,5,1467,1486.0015,26.3367508672273,7,0
"755",57255,2023,5,1497.3021,1497.3021,20.3240196030806,7,0
"756",57264,2023,6,1510.3035,1510.3035,55.4236708172744,7,0
"757",57269,2023,4,1601.8,1645.8071,46.8317200552881,21,0
"758",57371,2023,6,1447.9004,1447.9004,16.3394973733466,7,1
"759",57372,2023,6,1480.5013,1480.5013,18.4834010562342,7,0
"760",57374,2023,5,1488,1496.4024,15.5019090123249,7,0
"761",57375,2023,5,1478.5012,1478.5012,21.9269056667283,7,0
"762",58362,2023,2,1522.4,1530.2008,1.90120000000002,21,0
"763",58366,2023,3,1500.3,1516.8006,30.5794725724083,21,0
"764",58367,2023,4,1502.8011,1502.8011,8.99749257307281,7,0
"765",58683,2023,4,1502.9012,1502.9012,49.3160717990849,7,0
"766",59217,2023,5,1499.6026,1499.6026,48.541710091442,7,0
"767",59242,2023,5,1499.8007,1499.8007,56.7173530594253,7,0
"768",59402,2023,5,1493.6043,1493.6043,55.1746693435663,7,0
"769",59648,2023,6,1491.7078,1491.7078,26.3508067340135,63,0
"770",60202,2023,6,1506.4014,1506.4014,34.4394167696242,7,0
"771",60992,2023,7,1511.7007,1511.7007,19.7351763344136,64,0
"772",61056,2023,6,1483.9005,1483.9005,12.4549960644875,64,0
"773",61057,2023,6,1480.1014,1480.1014,24.4438252695931,7,0
"774",61989,2023,6,1449.7009,1449.7009,31.8780718582789,7,0
"775",62098,2023,7,1478.7015,1478.7015,64.1674532935939,56,0
"776",62357,2023,6,1499.5,1506.7097,15.4933435618511,63,0
"777",63191,2023,7,1471.4009,1471.4009,27.9084205600102,7,1
"778",63326,2023,6,1602.1027,1602.1027,69.6860563873533,35,0
"779",63331,2023,6,1609.9011,1609.9011,44.5744730564634,21,0
"780",64207,2023,5,1562.7,1563.7045,8.10839161147258,63,0
"781",64208,2023,6,1543.9029,1543.9029,20.7282541447658,63,0
"782",64254,2023,4,1451.0005,1451.0005,39.7765401549148,7,1
"783",64817,2023,5,1490.9034,1490.9034,40.5842272708869,35,0
"784",64828,2023,6,1487.4011,1487.4011,65.6142771819688,7,0
"785",65830,2023,6,1444.8005,1444.8005,32.1323793580619,35,0
"786",66203,2023,6,1505.0032,1505.0032,17.060643386297,7,0
"787",66210,2023,5,1522.0042,1522.0042,18.0731441162184,7,0
"788",66835,2023,6,1542.3,1544.1057,9.96664743795537,35,0
"789",66842,2023,6,1545.0053,1545.0053,70.5606392940674,7,0
"790",67137,2023,6,1480.9024,1480.9024,66.1210576284742,35,0
"791",67165,2023,5,1476.6024,1476.6024,32.5975602260353,7,0
"792",67356,2023,7,1508.6027,1508.6027,56.656500370743,7,0
"793",67603,2023,5,1444.2004,1444.2004,32.7836259386705,35,1
"794",67604,2023,5,1482.9026,1482.9026,39.9310276248378,35,0
"795",67607,2023,5,1478.6023,1478.6023,217.990161690176,35,0
"796",67849,2023,5,1489.7008,1489.7008,38.425273221605,7,0
"797",67914,2023,5,1490.3014,1490.3014,53.3088853772228,35,0
"798",67948,2023,5,1497.7017,1497.7017,44.7343818040092,7,0
"799",68101,2023,5,1513.1031,1513.1031,32.974240580344,35,0
"800",68102,2023,5,1466.8003,1466.8003,34.9383838034102,7,0
"801",68105,2023,5,1478.3007,1478.3007,25.3942878349128,7,0
"802",68106,2023,6,1554.2072,1554.2072,21.7065577593501,35,0
"803",68441,2023,6,1470.5011,1470.5011,22.6676366953946,56,0
"804",68593,2023,6,1522.1034,1522.1034,14.2529111078965,7,0
"805",68820,2023,5,1519.8036,1519.8036,30.8146560520152,35,0
"806",68821,2023,6,1520.4037,1520.4037,22.0522824575799,35,0
"807",68822,2023,5,1527.0037,1527.0037,8.59686186163294,7,0
"808",69200,2023,6,1485.7013,1485.7013,29.1421636282333,7,0
"809",69202,2023,5,1486.9014,1486.9014,26.7506615069907,7,0
"810",69203,2023,5,1480.701,1480.701,26.6629016901312,7,0
"811",69204,2023,5,1456.4004,1456.4004,52.6232849912508,7,0
"812",69206,2023,4,1496.0006,1496.0006,23.1602807423075,21,0
"813",69512,2023,6,1438.6002,1438.6002,26.7176531605154,7,1
"814",69513,2023,4,1486.2029,1486.2029,31.2529581327413,35,0
"815",69515,2023,3,1481.4004,1481.4004,24.9532761277731,63,0
"816",69516,2023,6,1493.7022,1493.7022,54.8227233437012,7,0
"817",69519,2023,6,1520.3,1527.8038,18.5685868592524,7,0
"818",69522,2023,6,1487.7016,1487.7016,26.5822269537674,7,0
"819",69792,2023,5,1493.7018,1493.7018,38.8025881258248,35,0
"820",69793,2023,5,1510.3,1518.602,31.1690244056885,7,0
"821",70501,2023,6,1618.905,1618.905,21.1766820625516,21,0
"822",71244,2023,6,1490.402,1490.402,27.5811181338248,7,0
"823",71438,2023,6,1470.8004,1470.8004,42.843052921876,35,1
"824",71711,2023,6,1494.8023,1494.8023,55.4290612058156,7,0
"825",71714,2023,6,1554.8073,1554.8073,45.6837179771111,35,0
"826",71875,2023,5,1496.002,1496.002,14.9144184864714,7,0
"827",71877,2023,5,1494.6019,1494.6019,26.4838147015418,7,0
"828",71880,2023,6,1484.5012,1484.5012,20.7094603177775,7,0
"829",71882,2023,5,1517.4036,1517.4036,27.8244512779246,7,0
"830",71901,2023,5,1476.1008,1476.1008,43.5460516064087,7,0
"831",71917,2023,6,1490.9005,1490.9005,22.504685032286,21,0
"832",72428,2023,2,1513.8,1523.1002,2.80035000000009,36,0
"833",72429,2023,5,1431.8002,1431.8002,33.6947385424491,35,0
"834",72741,2023,5,1539.2024,1539.2024,51.6858095188128,7,0
"835",72957,2023,4,1472.3023,1472.3023,40.1327951202862,7,0
"836",73253,2023,4,1493.5008,1493.5008,28.8703956512982,7,0
"837",76414,2023,6,1479.9062,1479.9062,14.2124272551313,50,0
"838",76415,2023,6,1505.2025,1505.2025,43.0636498371236,7,0
"839",76523,2023,6,1494.3041,1494.3041,27.2325370042087,35,0
"840",76528,2023,4,1521.6014,1521.6014,23.9318734347221,7,0
"841",77720,2023,6,1499.1005,1499.1005,42.5415999647036,7,0
"842",77913,2023,6,1472.0004,1472.0004,34.9348895600087,63,0
"843",77914,2023,6,1459.8002,1459.8002,16.4160701765831,63,0
"844",77919,2023,6,1521.2017,1521.2017,17.6013852632399,63,0
"845",78826,2023,6,1496.7003,1496.7003,35.73491877191,7,0
"846",79321,2023,6,1486.9016,1486.9016,23.6914542902371,7,0
"847",79469,2023,6,1523.3045,1523.3045,27.6923521416004,56,0
"848",80209,2023,6,1495.502,1495.502,16.5576678400553,7,0
"849",80217,2023,6,1437.1003,1437.1003,29.8172385618387,35,0
"850",81112,2023,6,1501.0019,1501.0019,35.0204176733174,35,0
"851",81118,2023,6,1531.0005,1531.0005,21.3082988154944,63,0
"852",81374,2023,7,1546.5061,1546.5061,25.6508365413944,35,0
"853",81375,2023,7,1539.705,1539.705,67.4999979496954,35,0
"854",81376,2023,6,1543.1056,1543.1056,22.3962686708495,35,0
"855",83353,2023,6,1533.503,1533.503,56.6391249879568,7,0
"856",85313,2023,5,1510.5018,1510.5018,17.4363412335236,7,0
"857",85389,2023,6,1489.8017,1489.8017,21.9976958160259,7,0
"858",85391,2023,6,1539.9044,1539.9044,33.8797762486353,7,0
"859",85724,2023,6,1497.2025,1497.2025,30.1815316822324,7,0
"860",86160,2023,6,1494.3014,1494.3014,25.7849699410604,35,0
"861",86164,2023,5,1536.5061,1536.5061,37.7948587250911,7,0
"862",87400,2023,4,1478.2027,1478.2027,45.9070236716834,7,0
"863",88445,2023,5,1463.7014,1463.7014,39.5232065094622,7,0
"864",88511,2023,4,1485.7066,1485.7066,24.5890043820912,63,0
"865",88531,2023,6,1485.7014,1485.7014,37.625721550058,7,0
"866",89394,2023,6,1500.8025,1500.8025,30.9435402360313,35,0
"867",90351,2023,5,1466.8016,1466.8016,38.2392868899199,7,0
"868",93098,2023,2,1493.9014,1493.9014,53.8515499999999,7,0
